{"model": "RandomForestClassifier", "metrics": {"precision": 0.6444444444444445, "recall": 0.313015873015873, "fbeta": 0.42136752136752137}, "training_metrics": {"precision": 0.7933631142310147, "recall": 0.992020427705075, "fbeta": 0.8816396000283668}}