{"model": "NeuralNetwork", "results": {"precision": 0.23552894211576847, "recall": 1.0, "fbeta": 0.38126009693053314}}