{"model": "RandomForestClassifier", "metrics": {"precision": 0.6521106259097526, "recall": 0.2855321861057999, "fbeta": 0.3971631205673759}, "training_metrics": {"precision": 1.0, "recall": 1.0, "fbeta": 1.0}}