{"precision": 0.4807377049180328, "recall": 0.7651663405088063, "fbeta": 0.5904857790083061}