{"model": "RandomForestClassifier", "metrics": {"precision": 0.653179190751445, "recall": 0.30173564753004006, "fbeta": 0.41278538812785387}, "training_metrics": {"precision": 1.0, "recall": 0.999842321034374, "fbeta": 0.9999211543010329}}