{"model": "RandomForestClassifier", "metrics": {"precision": 0.6439716312056738, "recall": 0.29595827900912647, "fbeta": 0.40553818669048686}}