{"model": "RandomForestClassifier", "metrics": {"precision": 0.6208277703604806, "recall": 0.29282115869017633, "fbeta": 0.39794608472400517}, "training_metrics": {"precision": 1.0, "recall": 0.9998400255959047, "fbeta": 0.999920006399488}}