{"precision": 0.5037209302325582, "recall": 0.6863117870722434, "fbeta": 0.5810085836909872}