{"precision": 0.4926439680538041, "recall": 0.7427122940430925, "fbeta": 0.59236795552186}